<!DOCTYPE hibernate-configuration PUBLIC
        "-//Hibernate/Hibernate Configuration DTD 3.0//EN"
        "http://www.hibernate.org/dtd/hibernate-configuration-3.0.dtd">

<hibernate-configuration>
	<session-factory>
		<property name="hibernate.dialect">org.hibernate.dialect.MySQL8Dialect</property>
		<property name="hibernate.connection.driver_class">com.mysql.cj.jdbc.Driver</property>
		<property name="hibernate.connection.username">root</property>
		<property name="hibernate.connection.password">root123</property>
		<property name="hibernate.connection.url">jdbc:mysql:///enterprisejavabatch</property>
		<property name="hibernate.show_sql">true</property>
		<property name="hibernate.format_sql">true</property>
		<property name="hibernate.hbm2ddl.auto">update</property>


		<!-- <property name="hibernate.connection.pool_size">25</property> -->

		<!-- Hikari cp configuration -->
		<property name="hibernate.connection.provider_class">org.hibernate.hikaricp.internal.HikariCPConnectionProvider</property>
		
		<!-- Maximum waiting time for a connection from the pool (20sec)-->
		<property name="hibernate.hikari.connectionTimeout">20000</property>

		<!-- Minimum number of ideal connections in the pool -->
		<property name="hibernate.hikari.minimumIdle">10</property>

		<!-- Maximum number of actual connection in the pool -->
		<property name="hibernate.hikari.maximumPoolSize">20</property>

		<!-- Maximum time that a connection is allowed to sit ideal in the pool -->
		<property name="hibernate.hikari.idleTimeout">30000</property>

		<mapping class="in.ineuron.Model.InsurancePolicy" />
	</session-factory>
</hibernate-configuration>

